{
    "url": "",
    "state": "start",
    "code": [
        {
            "action": {
                "type": "navigation",
                "value": "file:///G:/cypress%20code%20generator/test_scripts.html"
            },
            "details": {
                "options": {
                    "isInPlace": true
                }
            }
        },
        {
            "action": {
                "action": "click"
            },
            "details": {
                "type": "role",
                "value": "textbox",
                "options": {
                    "name": "First name:"
                }
            }
        },
        {
            "action": {
                "action": "type",
                "value": "testing"
            },
            "details": {
                "type": "role",
                "value": "textbox",
                "options": {
                    "name": "First name:"
                }
            }
        },
        {
            "action": {
                "action": "keyPress",
                "value": 9
            },
            "details": {
                "type": "role",
                "value": "textbox",
                "options": {
                    "name": "First name:"
                }
            }
        },
        {
            "action": {
                "action": "type",
                "value": "saab"
            },
            "details": {
                "type": "role",
                "value": "combobox",
                "options": {
                    "name": "Choose a car:"
                }
            }
        },
        {
            "action": {
                "action": "keyPress",
                "value": 9
            },
            "details": {
                "type": "role",
                "value": "combobox",
                "options": {
                    "name": "Choose a car:"
                }
            }
        },
        {
            "action": {
                "action": "type",
                "value": "asd        The cat was playing in the garden.\n        "
            },
            "details": {
                "type": "html",
                "value": "form:nth-child(1)>textarea:nth-child(10)",
                "options": {}
            }
        },
        {
            "action": {
                "action": "keyPress",
                "value": 9
            },
            "details": {
                "type": "html",
                "value": "form:nth-child(1)>textarea:nth-child(10)",
                "options": {}
            }
        },
        {
            "action": {
                "action": "click"
            },
            "details": {
                "type": "role",
                "value": "button",
                "options": {
                    "name": "Click Me!"
                }
            }
        },
        {
            "action": {
                "action": "keyPress",
                "value": 9
            },
            "details": {
                "type": "role",
                "value": "button",
                "options": {
                    "name": "Click Me!"
                }
            }
        },
        {
            "action": {
                "action": "type",
                "value": "Internet Explorer"
            },
            "details": {
                "type": "html",
                "value": "form:nth-child(1)>input:nth-child(14)",
                "options": {}
            }
        },
        {
            "action": {
                "action": "keyPress",
                "value": 9
            },
            "details": {
                "type": "html",
                "value": "form:nth-child(1)>input:nth-child(14)",
                "options": {}
            }
        },
        {
            "action": {
                "action": "click"
            },
            "details": {
                "type": "role",
                "value": "button",
                "options": {
                    "name": "Reset"
                }
            }
        }
    ]
}